{
  "center": [0, 0],
  "zoom": 0.4,
  "brightness": 1.5,
  "color": [0.1, 0.2, 0.24],
  "root_radius": 0.0,

  "roots": [
    [1, 0],
    [-0.5, 0.8660254037844386],
    [-0.5, -0.8660254037844386],
    [-2, 0],
    [1, 1.7320508075688772],
    [1, -1.7320508075688772]
  ],
  "iterations": 25,
  "a": [0.05, 0.4],
  "eps": 0.3
}
