{
  "metro": {
    "center": [0, 0],
    "zoom": 0.4,
    "brightness": 4.5,
    "color": [0.1, 0.2, 0.24],
    "root_radius": 0.0,

    "roots": [
      [1, 0],
      [-0.5, 0.8660254037844386],
      [-0.5, -0.8660254037844386]
    ],
    "multiplicities": [
      [0.5076142131979695, 0.0],
      [0.5076142131979695, 0.0],
      [0.5076142131979695, 0.0]
    ],
    "iterations": 100,
    "eps": 0.01
  },

  "darklight": {
    "center": [0, 0],
    "zoom": 0.25,
    "brightness": 80.0,
    "color": [0.30, 0.15, 0.02],
    "root_radius": 0.0,

    "roots": [
      [0, 1],
      [0, -1]
    ],
    "multiplicities": [
      [0.49443757725587145, -0.08829242450997704],
      [0.49443757725587145, -0.08829242450997704]
    ],
    "iterations": 50,
    "eps": 0.1
  },

  "spirit vortex": {
    "center": [0, 0],
    "zoom": 0.125,
    "brightness": 9.0,
    "color": [0.10, 0.19, 0.35],
    "root_radius": 0.0,

    "roots": [
      [0, 1],
      [0, -1]
    ],
    "multiplicities": [
      [0.25380382000647456, -0.2550987374554872],
      [0.25380382000647456, -0.2550987374554872]
    ],
    "iterations": 100,
    "eps": 1.8
  },

  "daisies": {
    "center": [0, 0],
    "zoom": 0.42,
    "brightness": 12.0,
    "color": [0.10, 0.19, 0.35],
    "root_radius": 0.0,

    "roots": [
      [0, 1],
      [0, -1]
    ],
    "multiplicities": [
      [0.25352986392998256, -0.26566693188407753],
      [0.25352986392998256, -0.26566693188407753]
    ],
    "iterations": 100,
    "eps": 1.287
  },

  "sponge": {
    "center": [0, 0],
    "zoom": 0.5,
    "brightness": 7.0,
    "color": [0.10, 0.19, 0.35],
    "root_radius": 0.0,

    "roots": [
      [0, 0],
      [1, 0],
      [-0.5, 0.8660254037844386],
      [-0.5, -0.8660254037844386]
    ],
    "multiplicities": [
      [0.12464942349641632, -0.3303209722655032],
      [0.12464942349641632, -0.3303209722655032],
      [0.12464942349641632, -0.3303209722655032],
      [0.12464942349641632, -0.3303209722655032]
    ],
    "iterations": 200,
    "eps": 0.6
  },

  "tiger stripes": {
    "center": [0, 0],
    "zoom": 0.5,
    "brightness": 20.0,
    "color": [0.40, 0.20, 0.0],
    "root_radius": 0.0,

    "roots": [
      [0, 1],
      [0, 0],
      [1, 0]
    ],
    "multiplicities": [
      [0.17123287671232876, -0.3767123287671233],
      [0.17123287671232876, -0.3767123287671233],
      [0.17123287671232876, -0.3767123287671233]
    ],
    "iterations": 200,
    "eps": 0.3
  },

  "tiger lily": {
    "center": [0.25, 0.25],
    "zoom": 0.5,
    "brightness": 20.0,
    "color": [0.40, 0.20, 0.0],
    "root_radius": 0.0,

    "roots": [
      [0, 1],
      [0, 0],
      [1, 0]
    ],
    "multiplicities": [
      [0.1674228599172931, -0.37335297761556363],
      [0.1674228599172931, -0.37335297761556363],
      [0.1674228599172931, -0.37335297761556363]
    ],
    "iterations": 400,
    "eps": 0.4
  },

  "magma chamber": {
    "center": [0, 0],
    "zoom": 0.25,
    "brightness": 10.0,
    "color": [0.40, 0.20, 0.0],
    "root_radius": 0.0,

    "roots": [
      [0, 1],
      [0, -1]
    ],
    "multiplicities": [
      [0.25104492521227095, -0.2615598959017902],
      [0.25104492521227095, -0.2615598959017902]
    ],
    "iterations": 100,
    "eps": 1.4
  },

  "cyan gemstone": {
    "center": [0, 0],
    "zoom": 0.41,
    "brightness": 6.0,
    "color": [0.10, 0.19, 0.35],
    "root_radius": 0.0,

    "roots": [
      [1, 0],
      [-0.5, 0.8660254037844386],
      [-0.5, -0.8660254037844386]
    ],
    "multiplicities": [
      [0.1674228599172931, -0.37335297761556363],
      [0.1674228599172931, -0.37335297761556363],
      [0.1674228599172931, -0.37335297761556363]
    ],
    "iterations": 200,
    "eps": 0.85
  },

  "iridescence": {
    "center": [0, 0],
    "zoom": 0.4,
    "brightness": 1.5,
    "color": [0.10, 0.19, 0.35],
    "root_radius": 0.0,

    "roots": [
      [1, 0],
      [-0.5, 0.8660254037844386],
      [-0.5, -0.8660254037844386],
      [-2, 0],
      [1, 1.7320508075688772],
      [1, -1.7320508075688772]
    ],
    "multiplicities": [
      [0.30769230769230765, -2.4615384615384612],
      [0.30769230769230765, -2.4615384615384612],
      [0.30769230769230765, -2.4615384615384612],
      [0.30769230769230765, -2.4615384615384612],
      [0.30769230769230765, -2.4615384615384612],
      [0.30769230769230765, -2.4615384615384612]
    ],
    "iterations": 25,
    "eps": 0.3
  },

  "boundaries": {
    "center": [0, 0],
    "zoom": 0.04,
    "brightness": 3.0,
    "color": [0.10, 0.19, 0.35],
    "root_radius": 0.0,

    "roots": [
      [0, 1],
      [0, -1]
    ],
    "multiplicities": [
      [0.5, -0.2],
      [0.5, 0.2]
    ],
    "iterations": 200,
    "eps": 1.04
  },

  "snail": {
    "center": [0, 0],
    "zoom": 0.125,
    "brightness": 9.0,
    "color": [0.10, 0.19, 0.35],
    "root_radius": 0.0,

    "roots": [
      [1, 0],
      [-1, 0]
    ],
    "multiplicities": [
      [0, -1.5],
      [0.5, 0]
    ],
    "iterations": 200,
    "eps": 0.026
  }
}
