{
    "center": [0, 0],
    "zoom": 0.125,
    "brightness": 9.0,
    "color": [0.10, 0.19, 0.35],
    "root_radius": 0.0,

    "roots": [
      [0, 1],
      [0, -1]
    ],
    "multiplicities": [
      [0.25380382000647456, -0.2550987374554872],
      [0.25380382000647456, -0.2550987374554872]
    ],
    "iterations": 100,
    "eps": 1.8
  }
